"Type","ID","Original Name","Localized Name","English Name","First (Loc)","Last (Loc)","Gender","Cultural Status","ROW_TYPE","STATUS","#","FINDINGS"
"Character","char_1","emily kaiser","émilie lempereur","Emily Kaiser","émilie","lempereur","Female","LOCALIZED","MAIN","PASS","1","C3:casing"
"Character","char_10","ethans großvater","le grand-père d'ethan","Ethan's grandfather","","","Male","LOCALIZED","MAIN","PASS","1","C3:casing"
"Character","char_100","der geschäftsführer","le directeur général","The Managing Director","","","Male","LOCALIZED","MAIN","PASS","1","C3:casing"
"Character","char_103","bruno keeling","bruno fournier","Bruno Keeling","bruno","fournier","Male","MIXED","MAIN","PASS","1","C3:casing"
"Character","char_104","mr. frank","monsieur franck","Mr. Frank","","franck","Male","LOCALIZED","MAIN","PASS","1","C3:casing"
"Character","char_105","hector whitaker","hector valois","Hector Whitaker","hector","valois","Male","MIXED","MAIN","PASS","1","C3:casing"
"Character","char_109","stephen martin","stéphane martin","Stephen Martin","stéphane","martin","Male","MIXED","MAIN","PASS","1","C3:casing"
"Character","char_11","oliver whistle","olivier sifflet","oliver whistle","olivier","sifflet","Male","LOCALIZED","MAIN","WARN","2","C1:first_name_collision; C3:casing"
"Character","char_110","dr. kane","docteur caron","Dr. Kane","","roche","Male","LOCALIZED","MAIN","PASS","1","C3:casing"
"Character","char_111","der arzt","le médecin","The Doctor","","","Male","LOCALIZED","MAIN","PASS","1","C3:casing"
"Character","char_112","tom kaiser","thomas lempereur","Tom Kaiser","thomas","lempereur","Male","LOCALIZED","MAIN","WARN","2","C1:first_name_collision; C3:casing"
"Character","char_12","john","jean","John","jean","","Male","LOCALIZED","MAIN","PASS","1","C3:casing"
"Character","char_13","martin","martin","Martin","martin","","Male","ORIGINAL","MAIN","PASS","1","C3:casing"
"Character","char_14","ethan williams","ethan moreau","Ethan Williams","ethan","moreau","Male","MIXED","MAIN","PASS","1","C3:casing"
"Character","char_16","michael harrington","michel d'harcourt","Michael Harrington","michel","d'harcourt","Male","LOCALIZED","MAIN","PASS","1","C3:casing"
"Character","char_17","ruth martin","ruth martin","Ruth Martin","ruth","martin","Female","ORIGINAL","MAIN","PASS","1","C3:casing"
"Character","char_18","adriana baker","adriana boulanger","Adriana Baker","adriana","boulanger","Female","MIXED","MAIN","PASS","1","C3:casing"
"Character","char_19","andrew","andré","Andrew","andré","","Male","LOCALIZED","MAIN","PASS","1","C3:casing"
"Character","char_20","julia","julie","Julia","julie","","Female","LOCALIZED","MAIN","PASS","1","C3:casing"
"Character","char_21","peter","pierre","Peter","pierre","","Male","LOCALIZED","MAIN","PASS","1","C3:casing"
"Character","char_23","lena jones","léna dubois","Lena Jones","léna","dubois","Female","MIXED","MAIN","PASS","1","C3:casing"
"Character","char_25","daniel kelly","daniel garnier","daniel kelly","daniel","garnier","Male","MIXED","MAIN","PASS","1","C3:casing"
"Character","char_27","toffee","toffee","Toffee","toffee","","Female","ORIGINAL","MAIN","PASS","1","C3:casing"
"Character","char_3","jakob miller","jacob meunier","Jacob Miller","jacob","meunier","Male","MIXED","MAIN","PASS","1","C3:casing"
"Character","char_31","nick sterling","nicolas leclair","Nick Sterling","nicolas","leclair","Male","LOCALIZED","MAIN","PASS","1","C3:casing"
"Character","char_32","jason adler","jason renaud","Jason Adler","jason","renaud","Male","MIXED","MAIN","PASS","1","C3:casing"
"Character","char_33","mark henderson","marc henderson","mark henderson","marc","henderson","Male","MIXED","MAIN","PASS","1","C3:casing"
"Character","char_34","tom","thomas lemoine","Tom","thomas","lemoine","Male","LOCALIZED","MAIN","WARN","3","C1:first_name_collision; C1:last_name_collision; C3:casing"
"Character","char_35","james","jacques","James","jacques","","Male","LOCALIZED","MAIN","PASS","1","C3:casing"
"Character","char_37","kato-san","kato-san","Kato-san","kato-san","","Unknown","ORIGINAL","MAIN","PASS","1","C3:casing"
"Character","char_4","sophia kaiser","sophie lempereur","Sophia Kaiser","sophie","lempereur","Female","LOCALIZED","MAIN","PASS","1","C3:casing"
"Character","char_40","zayn larson","zayn larson","Zayn Larson","zayn","larson","Male","ORIGINAL","MAIN","PASS","1","C3:casing"
"Character","char_41","sebastian langston","sébastien de langlois","Sebastian Langston","sébastien","de langlois","Male","LOCALIZED","MAIN","PASS","1","C3:casing"
"Character","char_43","mr. kelly","monsieur garnier","Mr. Kelly","","garnier","Male","LOCALIZED","MAIN","PASS","1","C3:casing"
"Character","char_44","die alte frau","la vieille femme","the old woman","","","Female","LOCALIZED","MAIN","PASS","1","C3:casing"
"Character","char_46","patrick sawyer","patrick caron","Patrick Sawyer","patrick","caron","Male","MIXED","MAIN","WARN","2","C1:first_name_collision; C3:casing"
"Character","char_47","liam hunter","liam hunter","Liam Hunter","liam","hunter","Male","ORIGINAL","MAIN","PASS","1","C3:casing"
"Character","char_49","mr. miller","monsieur meunier","mr. miller","","meunier","Male","LOCALIZED","MAIN","PASS","1","C3:casing"
"Character","char_5","viktor kaiser","victor lempereur","Viktor Kaiser","victor","lempereur","Male","ENTITY_INCONSISTENCY: The character's title 'Präsident Kaiser' refers to his role at 'Kaiser Konzern' (entity_4), but the localization 'PDG Lempereur' omits the localized organization name 'Le Groupe Lempereur', making the affiliation unclear. + affected mentions: PDG Lempereur (Severity: low)","MAIN","WARN","2","C0:invalid_cultural_status; C3:casing"
"Character","char_54","angela kelly","angèle garnier","Angela Kelly","angèle","garnier","Female","LOCALIZED","MAIN","PASS","1","C3:casing"
"Character","char_55","brandon kelly","brandon garnier","brandon kelly","brandon","garnier","Male","MIXED","MAIN","PASS","1","C3:casing"
"Character","char_56","die chefin des styling-salons","la patronne du salon de beauté","The Styling Salon Owner","","","Female","LOCALIZED","MAIN","PASS","1","C3:casing"
"Character","char_58","paxton williams","pascal moreau","paxton williams","pascal","moreau","Male","LOCALIZED","MAIN","PASS","1","C3:casing"
"Character","char_59","ethans vater","le père d'ethan","Ethan's father","","","Male","LOCALIZED","MAIN","PASS","1","C3:casing"
"Character","char_6","luise kaiser","louise lempereur","Luise Kaiser","louise","lempereur","Female","LOCALIZED","MAIN","PASS","1","C3:casing"
"Character","char_60","richard storm","richard orage","Richard Storm","richard","orage","Male","MIXED","MAIN","PASS","1","C3:casing"
"Character","char_63","henry jackson","henri jacques","Henry Jackson","henri","jacques","Male","LOCALIZED","MAIN","PASS","1","C3:casing"
"Character","char_66","linda shelby","linda shelby","Linda Shelby","linda","shelby","Female","ORIGINAL","MAIN","PASS","1","C3:casing"
"Character","char_67","mr. chandler","monsieur chandler","Mr. Chandler","","chandler","Male","MIXED","MAIN","PASS","1","C3:casing"
"Character","char_68","lilly","lilly","Lilly","lilly","","Female","ORIGINAL","MAIN","PASS","1","C3:casing"
"Character","char_69","wendy","wendy","Wendy","wendy","","Female","ORIGINAL","MAIN","PASS","1","C3:casing"
"Character","char_70","sheryl","chantal","Sheryl","chantal","","Female","LOCALIZED","MAIN","PASS","1","C3:casing"
"Character","char_71","patrick","patrick","Patrick","patrick","","Male","ORIGINAL","MAIN","WARN","2","C1:first_name_collision; C3:casing"
"Character","char_72","elisa kaiser","élise lempereur","Elisa Kaiser","élise","lempereur","Female","LOCALIZED","MAIN","PASS","1","C3:casing"
"Character","char_74","georg langston senior","georges de langlois père","Georg Langston Senior","georges","de langlois","Male","LOCALIZED","MAIN","WARN","2","C1:name_inconsistency; C3:casing"
"Character","char_75","mr. brown","monsieur lebrun","Mr. Brown","","lebrun","Male","LOCALIZED","MAIN","PASS","1","C3:casing"
"Character","char_76","mr. jackson","monsieur jacques","Mr. Jackson","","jacques","Male","LOCALIZED","MAIN","PASS","1","C3:casing"
"Character","char_77","sonya langston miller","sonia de langlois-meunier","Sonya Langston Miller","sonia","de langlois-meunier","Female","LOCALIZED","MAIN","PASS","1","C3:casing"
"Character","char_78","paul miller","paul meunier","paul miller","paul","meunier","Male","MIXED","MAIN","PASS","1","C3:casing"
"Character","char_79","zachary miller","zacharie meunier","Zachary Miller","zacharie","meunier","Male","LOCALIZED","MAIN","PASS","1","C3:casing"
"Character","char_8","felix knight","félix chevalier","felix knight","félix","chevalier","Male","LOCALIZED","MAIN","PASS","1","C3:casing"
"Character","char_80","christina","christina","Christina","christina","","Female","ORIGINAL","MAIN","PASS","1","C3:casing"
"Character","char_81","noah","noé","Noah","noé","","Male","LOCALIZED","MAIN","PASS","1","C3:casing"
"Character","char_88","chester jewell","chester jewell","chester jewell","chester","jewell","Male","ORIGINAL","MAIN","PASS","1","C3:casing"
"Character","char_89","oliver grant","olivier durand","Oliver Grant","olivier","durand","Male","LOCALIZED","MAIN","WARN","2","C1:first_name_collision; C3:casing"
"Character","char_9","ethans mutter","la mère d'ethan","Ethan's mother","","","Female","LOCALIZED","MAIN","PASS","1","C3:casing"
"Character","char_90","rodney snow","rodney snow","Rodney Snow","rodney","snow","Male","ORIGINAL","MAIN","PASS","1","C3:casing"
"Character","char_91","berta","berthe","Berta","berthe","","Female","LOCALIZED","MAIN","PASS","1","C3:casing"
"Character","char_92","miles clark","miles leclerc","Miles Clark","miles","leclerc","Male","MIXED","MAIN","PASS","1","C3:casing"
"Character","char_93","christian stewart","christian fabre","Christian Stewart","christian","fabre","Male","MIXED","MAIN","PASS","1","C3:casing"
"Character","char_94","terry foster","terry foster","Terry Foster","terry","foster","Male","ORIGINAL","MAIN","PASS","1","C3:casing"
"Character","char_95","ethans großmutter","la grand-mère d'ethan","Ethan's grandmother","","","Female","LOCALIZED","MAIN","PASS","1","C3:casing"
"Character","char_97","tom lennon","thomas lemoine","Tom Lennon","thomas","lemoine","Male","MIXED","MAIN","WARN","3","C1:first_name_collision; C1:last_name_collision; C3:casing"
"Character","char_98","der richter","le juge","The Judge","","","Male","LOCALIZED","MAIN","PASS","1","C3:casing"
"Character","char_99","emilys großvater","le grand-père d'émilie","Emily's grandfather","","","Male","LOCALIZED","MAIN","PASS","1","C3:casing"
"Entity","entity_1","kaiser-villa","villa lempereur","Kaiser Villa","","","","LOCALIZED","MAIN","PASS","1","C3:casing"
"Entity","entity_2","paris","paris","Paris","","","","ORIGINAL","MAIN","PASS","1","C3:casing"
"Entity","entity_3","kalifornische high society","la haute société parisienne","Californian high society","","","","LOCALIZED","MAIN","PASS","1","C3:casing"
"Entity","entity_4","kaiser corporation","le groupe lempereur","Kaiser Corporation","","","","LOCALIZED","MAIN","PASS","1","C3:casing"
"Entity","entity_5","europa","europe","Europe","","","","LOCALIZED","MAIN","PASS","1","C3:casing"
"Entity","entity_6","kalifornien","île-de-france","California","","","","LOCALIZED","MAIN","PASS","1","C3:casing"
"Entity","entity_7","miller konzern","le groupe meunier","Miller Corporation","","","","LOCALIZED","MAIN","PASS","1","C3:casing"
"Entity","entity_8","kaiser-familie","la famille lempereur","Kaiser Family","","","","LOCALIZED","MAIN","PASS","1","C3:casing"
"Entity","entity_9","miller-familie","la famille meunier","Miller Family","","","","LOCALIZED","MAIN","PASS","1","C3:casing"
"Entity","entity_10","storm-familie","la famille orage","Storm family","","","","LOCALIZED","MAIN","PASS","1","C3:casing"
"Entity","entity_11","standesamt","la mairie","civil registry office","","","","LOCALIZED","MAIN","PASS","1","C3:casing"
"Entity","entity_12","kaiser-familienvermögen","la fortune de la famille lempereur","Kaiser family fortune","","","","LOCALIZED","MAIN","PASS","1","C3:casing"
"Entity","entity_13","bentley mulsanne","bentley mulsanne","bentley mulsanne","","","","ORIGINAL","MAIN","PASS","1","C3:casing"
"Entity","entity_14","fuhrpark der williams-familie","la flotte de véhicules de la famille moreau","the Williams family's fleet","","","","LOCALIZED","MAIN","PASS","1","C3:casing"
"Entity","entity_15","malediven","les maldives","Maldives","","","","LOCALIZED","MAIN","PASS","1","C3:casing"
"Entity","entity_16","opal harbor","neuilly-sur-seine","opal harbor","","","","LOCALIZED","MAIN","PASS","1","C3:casing"
"Entity","entity_17","ethans villa in opal harbor","la villa d'ethan à neuilly-sur-seine","Ethan's Villa in Opal Harbor","","","","LOCALIZED","MAIN","PASS","1","C3:casing"
"Entity","entity_18","lenas apartment","l'appartement de léna","Lena's apartment","","","","ORIGINAL","MAIN","HIGH","2","C2:status_mismatch; C3:casing"
"Entity","entity_19","geburtsurkunde","l'acte de naissance","birth certificate","","","","ORIGINAL","MAIN","HIGH","2","C2:status_mismatch; C3:casing"
"Entity","entity_20","omnicorp","omnicorp","Omnicorp","","","","ORIGINAL","MAIN","PASS","1","C3:casing"
"Entity","entity_21","williams-familie","la famille moreau","Williams family","","","","LOCALIZED","MAIN","PASS","1","C3:casing"
"Entity","entity_22","ostküste","la côte d'azur","East Coast","","","","LOCALIZED","MAIN","PASS","1","C3:casing"
"Entity","entity_23","büro des ceo (omini corporation)","le bureau du pdg (omnicorp)","CEO's office (Omini Corporation)","","","","MIXED","MAIN","PASS","1","C3:casing"
"Entity","entity_24","thomas-projekt","le projet thomas","Thomas Project","","","","LOCALIZED","MAIN","PASS","1","C3:casing"
"Entity","entity_25","martins neue saisonkollektion","la nouvelle collection de saison de martin","Martin's new season collection","","","","ORIGINAL","MAIN","HIGH","2","C2:status_mismatch; C3:casing"
"Entity","entity_26","ehe- und zusammenlebensvereinbarung","le contrat de mariage","Marital and Cohabitation Agreement","","","","LOCALIZED","MAIN","PASS","1","C3:casing"
"Entity","entity_27","heiratsurkunde","l'acte de mariage","marriage certificate","","","","ORIGINAL","MAIN","HIGH","2","C2:status_mismatch; C3:casing"
"Entity","entity_28","dossier über emily kaiser","le dossier sur émilie lempereur","dossier about Emily Kaiser","","","","MIXED","MAIN","PASS","1","C3:casing"
"Entity","entity_29","weißer honda","la peugeot blanche","white Honda","","","","LOCALIZED","MAIN","PASS","1","C3:casing"
"Entity","entity_30","frühstücksgebäck","les viennoiseries du petit-déjeuner","breakfast pastries","","","","LOCALIZED","MAIN","PASS","1","C3:casing"
"Entity","entity_31","rothko-bild","le tableau de rothko","Rothko painting","","","","LOCALIZED","MAIN","PASS","1","C3:casing"
"Entity","entity_32","elektronische mikrochips","les micropuces électroniques","electronic microchips","","","","ORIGINAL","MAIN","HIGH","2","C2:status_mismatch; C3:casing"
"Entity","entity_33","bücher über militärtaktik, politik und technologien","les livres sur la tactique militaire, la politique et les technologies","books on military tactics, politics, and technologies","","","","ORIGINAL","MAIN","HIGH","2","C2:status_mismatch; C3:casing"
"Entity","entity_34","seidennachthemd mit häschen","la chemise de nuit en soie à lapins","silk nightgown with bunnies","","","","ORIGINAL","MAIN","HIGH","2","C2:status_mismatch; C3:casing"
"Entity","entity_35","champagnerfarbenes nachthemd","la chemise de nuit couleur champagne","champagne-colored nightgown","","","","ORIGINAL","MAIN","HIGH","2","C2:status_mismatch; C3:casing"
"Entity","entity_36","gästezimmer in ethans villa","la chambre d'amis dans la villa d'ethan","guest room in Ethan's villa","","","","ORIGINAL","MAIN","HIGH","2","C2:status_mismatch; C3:casing"
"Entity","entity_37","eastside-hotel","le bristol","Eastside Hotel","","","","LOCALIZED","MAIN","PASS","1","C3:casing"
"Entity","entity_38","das günstige motel","l'hôtel formule 1","the cheap motel","","","","LOCALIZED","MAIN","PASS","1","C3:casing"
"Entity","entity_39","elite gruppenchat","le gotha","elite group chat","","","","LOCALIZED","MAIN","PASS","1","C3:casing"
"Entity","entity_40","café nahe dem motel","le café près du motel","the cafe near the motel","","","","ORIGINAL","MAIN","HIGH","2","C2:status_mismatch; C3:casing"
"Entity","entity_41","andrews restaurant","l'ambroisie","Andrews Restaurant","","","","LOCALIZED","MAIN","PASS","1","C3:casing"
"Entity","entity_42","die ziervase","le vase décoratif","the decorative vase","","","","LOCALIZED","MAIN","PASS","1","C3:casing"
"Entity","entity_43","forbes","forbes","Forbes","","","","ORIGINAL","MAIN","PASS","1","C3:casing"
"Entity","entity_44","martins familienunternehmen","l'entreprise familiale martin","Martin's family company","","","","MIXED","MAIN","PASS","1","C3:casing"
"Entity","entity_45","heavens door","le ciel d'or","heavens door","","","","LOCALIZED","MAIN","PASS","1","C3:casing"
"Entity","entity_46","downtown","le centre de paris","downtown","","","","LOCALIZED","MAIN","PASS","1","C3:casing"
"Entity","entity_47","bordeaux","bordeaux","Bordeaux","","","","ORIGINAL","MAIN","PASS","1","C3:casing"
"Entity","entity_48","chile","chili","Chile","","","","LOCALIZED","MAIN","PASS","1","C3:casing"
"Entity","entity_49","fisch","le poisson","fish","","","","LOCALIZED","MAIN","PASS","1","C3:casing"
"Entity","entity_50","hühnchen","le poulet","chicken","","","","LOCALIZED","MAIN","PASS","1","C3:casing"
"Entity","entity_51","ethans schwarze kreditkarte","la carte de crédit noire d'ethan","Ethan's black credit card","","","","MIXED","MAIN","PASS","1","C3:casing"
"Entity","entity_52","supermarkt in opal harbor","le supermarché de neuilly-sur-seine","supermarket in Opal Harbor","","","","LOCALIZED","MAIN","PASS","1","C3:casing"
"Entity","entity_53","gemüsesuppe","la soupe de légumes","vegetable soup","","","","LOCALIZED","MAIN","PASS","1","C3:casing"
"Entity","entity_54","pudding","le pudding","pudding","","","","UNIVERSAL","MAIN","PASS","1","C3:casing"
"Entity","entity_55","das neue immobilienprojekt","le nouveau projet immobilier","the new real estate project","","","","LOCALIZED","MAIN","PASS","1","C3:casing"
"Entity","entity_56","pasta","les pâtes","pasta","","","","LOCALIZED","MAIN","PASS","1","C3:casing"
"Entity","entity_57","leichte küche, die nicht ansetzt","cuisine légère, sans prendre un gramme","Light Cuisine That Doesn't Add Weight","","","","LOCALIZED","MAIN","PASS","1","C3:casing"
"Entity","entity_58","bestrafungsmahlzeit","le repas de punition","punishment meal","","","","LOCALIZED","MAIN","PASS","1","C3:casing"
"Entity","entity_59","versöhnungsfrühstück","le petit-déjeuner de réconciliation","reconciliation breakfast","","","","LOCALIZED","MAIN","PASS","1","C3:casing"
"Entity","entity_60","ragdoll","ragdoll","Ragdoll","","","","ORIGINAL","MAIN","PASS","1","C3:casing"
"Entity","entity_61","icm design","atelier valois","icm design","","","","LOCALIZED","MAIN","PASS","1","C3:casing"
"Entity","entity_62","lamborghini","lamborghini","Lamborghini","","","","ORIGINAL","MAIN","PASS","1","C3:casing"
"Entity","entity_63","mandarin-garden auftrag","le projet mandarin-garden","Mandarin Garden contract","","","","MIXED","MAIN","PASS","1","C3:casing"
"Entity","entity_64","omnicorp-gebäude","l'immeuble omnicorp","Omnicorp Building","","","","MIXED","MAIN","PASS","1","C3:casing"
"Entity","entity_65","university of california","l'université de la sorbonne","university of california","","","","LOCALIZED","MAIN","PASS","1","C3:casing"
"Entity","entity_66","california-theater","théâtre de paris","california-theater","","","","LOCALIZED","MAIN","PASS","1","C3:casing"
"Entity","entity_67","werbeflyer von icm design","les prospectus de l'atelier valois","promotional flyers for ICM Design","","","","LOCALIZED","MAIN","PASS","1","C3:casing"
"Entity","entity_68","california culture and technology center","la cité de l'innovation de paris","California Culture and Technology Center","","","","LOCALIZED","MAIN","PASS","1","C3:casing"
"Entity","entity_69","ausschreibung für das california culture and technology center","l'appel d'offres pour la cité de l'innovation de paris","The Tender for the California Culture and Technology Center","","","","LOCALIZED","MAIN","PASS","1","C3:casing"
"Entity","entity_70","visionary design awards","le grand prix du design","visionary design awards","","","","LOCALIZED","MAIN","PASS","1","C3:casing"
"Entity","entity_71","coq-au-vin","coq au vin","coq-au-vin","","","","ORIGINAL","MAIN","HIGH","2","C2:status_mismatch; C3:casing"
"Entity","entity_72","pad thai","pad thaï","pad thai","","","","ORIGINAL","MAIN","HIGH","2","C2:status_mismatch; C3:casing"
"Entity","entity_73","beef tartar","steak tartare","beef tartar","","","","LOCALIZED","MAIN","PASS","1","C3:casing"
"Entity","entity_74","schweinebraten","le rôti de porc","roast pork","","","","LOCALIZED","MAIN","PASS","1","C3:casing"
"Entity","entity_75","schweinefleisch-kartoffel-eintopf","la potée de porc aux pommes de terre","pork and potato stew","","","","LOCALIZED","MAIN","PASS","1","C3:casing"
"Entity","entity_76","celestial nexus","nexus céleste","celestial nexus","","","","LOCALIZED","MAIN","PASS","1","C3:casing"
"Entity","entity_77","organisationskomitee der ausschreibung","le comité d'organisation de l'appel d'offres","Organizing Committee of the Tender","","","","LOCALIZED","MAIN","PASS","1","C3:casing"
"Entity","entity_78","sophias entwurf für den kaiser konzern","le projet de sophie pour le groupe lempereur","Sophia's design for the Kaiser Corporation","","","","LOCALIZED","MAIN","PASS","1","C3:casing"
"Entity","entity_79","kato-san","kato-san","Kato-san","","","","ORIGINAL","MAIN","PASS","1","C3:casing"
"Entity","entity_80","der livestream-angriff","l'agression en direct","The Livestream Assault","","","","LOCALIZED","MAIN","PASS","1","C3:casing"
"Entity","entity_81","kelly-familie","la famille garnier","Kelly family","","","","LOCALIZED","MAIN","PASS","1","C3:casing"
"Entity","entity_82","internet","internet","internet","","","","UNIVERSAL","MAIN","PASS","1","C3:casing"
"Entity","entity_83","polizei","la police","police","","","","ORIGINAL","MAIN","HIGH","2","C2:status_mismatch; C3:casing"
"Entity","entity_84","partnerschaftsprojekt zwischen dem california culture and technology center und dem kaiser konzern","le projet de partenariat entre la cité de l'innovation de paris et le groupe lempereur","partnership project between the California Culture and Technology Center and the Kaiser Corporation","","","","LOCALIZED","MAIN","PASS","1","C3:casing"
"Entity","entity_85","dollar","l'euro","dollar","","","","LOCALIZED","MAIN","PASS","1","C3:casing"
"Entity","entity_86","chelsea-sportstadion-projekt","le projet du stade de chelsea","Chelsea Sports Stadium Project","","","","MIXED","MAIN","PASS","1","C3:casing"
"Entity","entity_87","holmes international hotel","hôtels internationaux elysées","holmes international hotel","","","","LOCALIZED","MAIN","PASS","1","C3:casing"
"Entity","entity_88","weltausstellung in südafrika","l'exposition universelle en afrique du sud","World Exhibition in South Africa","","","","LOCALIZED","MAIN","PASS","1","C3:casing"
"Entity","entity_89","südafrika","afrique du sud","South Africa","","","","LOCALIZED","MAIN","PASS","1","C3:casing"
"Entity","entity_90","das handy mit jasons geständnis","le téléphone avec la confession de jason","the mobile phone with Jason's confession","","","","ORIGINAL","MAIN","HIGH","2","C2:status_mismatch; C3:casing"
"Entity","entity_91","jasons geständnis-aufnahme","l'enregistrement de la confession de jason","Jason's confession recording","","","","ORIGINAL","MAIN","HIGH","2","C2:status_mismatch; C3:casing"
"Entity","entity_92","das einkaufszentrum","le centre commercial","the shopping mall","","","","ORIGINAL","MAIN","HIGH","2","C2:status_mismatch; C3:casing"
"Entity","entity_93","werbestand für kondome","le stand promotionnel pour préservatifs","condom promotional stand","","","","ORIGINAL","MAIN","HIGH","2","C2:status_mismatch; C3:casing"
"Entity","entity_94","pennington","la sologne","Pennington","","","","LOCALIZED","MAIN","PASS","1","C3:casing"
"Entity","entity_95","pennington-anwesen","le manoir de la sologne","Pennington Estate","","","","LOCALIZED","MAIN","PASS","1","C3:casing"
"Entity","entity_96","die schale reis","le bol de riz","the bowl of rice","","","","ORIGINAL","MAIN","HIGH","2","C2:status_mismatch; C3:casing"
"Entity","entity_97","die tracking-app","l'application de suivi","the tracking app","","","","ORIGINAL","MAIN","HIGH","2","C2:status_mismatch; C3:casing"
"Entity","entity_98","spezialklinik in adelaide","la clinique spécialisée de genève","specialized clinic in Adelaide","","","","LOCALIZED","MAIN","PASS","1","C3:casing"
"Entity","entity_99","adelaide","lausanne","Adelaide","","","","LOCALIZED","MAIN","PASS","1","C3:casing"
"Entity","entity_100","star hospital in san francisco","hôpital américain de marseille","Star Hospital in San Francisco","","","","LOCALIZED","MAIN","PASS","1","C3:casing"
"Entity","entity_101","die medien","les médias","the media","","","","ORIGINAL","MAIN","HIGH","2","C2:status_mismatch; C3:casing"
"Entity","entity_102","aktien des kaiser konzerns","les actions du groupe lempereur","shares of the Kaiser Corporation","","","","LOCALIZED","MAIN","PASS","1","C3:casing"
"Type","ID","Canonical Name","Original Mention","Localized Mention","Chapter Numbers","Is New","","","MAIN","HIGH","3","C0:missing_cultural_status; C0:missing_localisation_reason; C1:name_inconsistency"
"Character","char_1","emily kaiser","emily kaiser","Émilie Lempereur","8, 9, 10, 17, 18, 20, 25, 26, 28, 30, 31, 36, 40, 47, 63, 66, 71, 73, 75, 76, 83, 86, 87, 88, 89, 90, 91, 94","Yes","","","ALIAS","HIGH","2","C2:german_in_french_field; C3:casing"
"Character","char_1","emily kaiser","emily","Émilie","7, 8, 9, 10, 11, 12, 13, 14, 15, 16, 17, 18, 19, 20, 21, 22, 23, 24, 25, 26, 27, 28, 29, 30, 31, 32, 33, 34, 35, 36, 37, 38, 39, 40, 41, 47, 48, 49, 50, 51, 52, 53, 54, 55, 56, 57, 58, 59, 60, 61, 62, 63, 64, 65, 66, 67, 68, 69, 70, 71, 72, 73, 74, 75, 76, 77, 78, 79, 80, 81, 82, 83, 84, 85, 86, 87, 88, 89, 90, 91, 92, 93, 94, 95, 96, 97, 98, 99, 100, 101","Yes","","","ALIAS","PASS","1","C3:casing"
"Character","char_1","emily kaiser","schwesterchen","petite sœur","11","Yes","","","ALIAS","PASS","1","C3:casing"
"Character","char_1","emily kaiser","emily williams","Émilie Moreau","7","Yes","","","ALIAS","PASS","1","C3:casing"
"Character","char_1","emily kaiser","susan","Émilie","7, 11, 27, 65","Yes","","","ALIAS","PASS","1","C3:casing"
"Character","char_1","emily kaiser","mrs. emily","Madame Émilie","16","Yes","","","ALIAS","PASS","1","C3:casing"
"Character","char_1","emily kaiser","miss kaiser","Mademoiselle Lempereur","17, 39, 47, 50, 52, 55, 56, 62, 63, 79, 80, 85, 86, 97, 100, 101","Yes","","","ALIAS","HIGH","2","C2:german_in_french_field; C3:casing"
"Character","char_1","emily kaiser","schwägerin","belle-sœur","18","Yes","","","ALIAS","HIGH","2","C2:german_in_french_field; C3:casing"
"Character","char_1","emily kaiser","schwester","sœur","17, 19","Yes","","","ALIAS","HIGH","2","C2:german_in_french_field; C3:casing"
"Character","char_1","emily kaiser","cinderella","Cendrillon","36","Yes","","","ALIAS","PASS","1","C3:casing"
"Character","char_1","emily kaiser","e. k.","E. L.","41","Yes","","","ALIAS","PASS","1","C3:casing"
"Character","char_1","emily kaiser","emilys","d'Émilie","47","Yes","","","ALIAS","PASS","1","C3:casing"
"Character","char_1","emily kaiser","meine liebe emily","ma chère Émilie","52","Yes","","","ALIAS","PASS","1","C3:casing"
"Character","char_1","emily kaiser","em","Émi","60","Yes","","","ALIAS","PASS","1","C3:casing"
"Character","char_1","emily kaiser","ms. kaiser","Mademoiselle Lempereur","59, 87, 94, 96","Yes","","","ALIAS","HIGH","2","C2:german_in_french_field; C3:casing"
"Character","char_1","emily kaiser","mrs williams","Madame Moreau","82, 83","Yes","","","ALIAS","PASS","1","C3:casing"
"Character","char_1","emily kaiser","mrs. williams","Madame Moreau","92, 96","Yes","","","ALIAS","PASS","1","C3:casing"
"Character","char_1","emily kaiser","mrs. kaiser","Madame Lempereur","92, 99","Yes","","","ALIAS","HIGH","2","C2:german_in_french_field; C3:casing"
"Character","char_1","emily kaiser","liebste schwägerin","très chère belle-sœur","97","Yes","","","ALIAS","HIGH","2","C2:german_in_french_field; C3:casing"
"Character","char_1","emily kaiser","mrs. ethan williams","Madame Ethan Moreau","43","Yes","","","ALIAS","PASS","1","C3:casing"
"Character","char_10","ethans großvater","großvater","grand-père","4","Yes","","","ALIAS","HIGH","2","C2:german_in_french_field; C3:casing"
"Character","char_10","ethans großvater","ethans großvater","le grand-père d'Ethan","","Yes","","","ALIAS","HIGH","2","C2:german_in_french_field; C3:casing"
"Character","char_100","der geschäftsführer","der geschäftsführer","le directeur général","90","Yes","","","ALIAS","HIGH","2","C2:german_in_french_field; C3:casing"
"Character","char_103","bruno keeling","bruno keeling","Bruno Fournier","95","Yes","","","ALIAS","PASS","1","C3:casing"
"Character","char_103","bruno keeling","bruno","Bruno","95","Yes","","","ALIAS","PASS","1","C3:casing"
"Character","char_104","mr. frank","mr. frank","Monsieur Franck","100, 101","Yes","","","ALIAS","PASS","1","C3:casing"
"Character","char_105","hector whitaker","hector whitaker","Hector Valois","96","Yes","","","ALIAS","PASS","1","C3:casing"
"Character","char_105","hector whitaker","hector","Hector","96","Yes","","","ALIAS","PASS","1","C3:casing"
"Character","char_109","stephen martin","stephen martin","Stéphane Martin","99","Yes","","","ALIAS","PASS","1","C3:casing"
"Character","char_11","oliver whistle","oliver whistle","Olivier Sifflet","8","Yes","","","ALIAS","PASS","1","C3:casing"
"Character","char_11","oliver whistle","oliver","Olivier","8","Yes","","","ALIAS","PASS","1","C3:casing"
"Character","char_11","oliver whistle","whistler","Sifflet","8","Yes","","","ALIAS","PASS","1","C3:casing"
"Character","char_110","dr. kane","dr. kane","Docteur Roche","99","Yes","","","ALIAS","PASS","1","C3:casing"
"Character","char_111","der arzt","doktor","le docteur","98","Yes","","","ALIAS","PASS","1","C3:casing"
"Character","char_111","der arzt","der arzt","le médecin","","Yes","","","ALIAS","HIGH","2","C2:german_in_french_field; C3:casing"
"Character","char_112","tom kaiser","tom","Thomas","101","Yes","","","ALIAS","PASS","1","C3:casing"
"Character","char_112","tom kaiser","tom kaiser","Thomas Lempereur","","Yes","","","ALIAS","HIGH","2","C2:german_in_french_field; C3:casing"
"Character","char_12","john","john","Jean","32","Yes","","","ALIAS","PASS","1","C3:casing"
"Character","char_13","martin","martin","Martin","","Yes","","","ALIAS","PASS","1","C3:casing"
"Character","char_14","ethan williams","ethan","Ethan","17, 18, 19, 20, 21, 22, 23, 24, 25, 26, 27, 28, 29, 30, 31, 32, 33, 34, 35, 36, 37, 38, 39, 40, 41, 42, 43, 44, 45, 46, 47, 48, 49, 50, 51, 52, 53, 54, 55, 57, 59, 60, 61, 62, 64, 65, 66, 67, 68, 69, 70, 71, 73, 74, 75, 76, 77, 78, 79, 80, 81, 82, 83, 84, 85, 86, 87, 88, 89, 90, 91, 92, 93, 94, 95, 96, 97, 98, 99, 100, 101","Yes","","","ALIAS","PASS","1","C3:casing"
"Character","char_14","ethan williams","ethan williams","Ethan Moreau","21, 33, 43, 45, 51, 59, 62, 66, 67, 68, 76, 78, 85, 87, 88, 90, 97","Yes","","","ALIAS","PASS","1","C3:casing"
"Character","char_14","ethan williams","mr. storm","Monsieur Orage","47","Yes","","","ALIAS","PASS","1","C3:casing"
"Character","char_14","ethan williams","e","E","52","Yes","","","ALIAS","PASS","1","C3:casing"
"Character","char_14","ethan williams","ehemann","mari","10","Yes","","","ALIAS","PASS","1","C3:casing"
"Character","char_14","ethan williams","mister williams","Monsieur Moreau","31","Yes","","","ALIAS","PASS","1","C3:casing"
"Character","char_14","ethan williams","mr. williams","Monsieur Moreau","31, 45, 48, 49, 60, 65, 66, 74, 79, 80, 82, 83, 86, 87, 88, 89, 92, 93, 94, 95, 98, 99, 100","Yes","","","ALIAS","PASS","1","C3:casing"
"Character","char_14","ethan williams","ethans","D'ETHAN","47","Yes","","","ALIAS","PASS","1","C3:casing"
"Character","char_14","ethan williams","mr. big-money","Monsieur Pognon","89","Yes","","","ALIAS","PASS","1","C3:casing"
"Character","char_14","ethan williams","ethan storm","Ethan Orage","3, 7, 8","Yes","","","ALIAS","PASS","1","C3:casing"
"Character","char_16","michael harrington","michael harrington","Michel d'Harcourt","13, 16","Yes","","","ALIAS","PASS","1","C3:casing"
"Character","char_16","michael harrington","michael","Michel","13, 14, 15","Yes","","","ALIAS","PASS","1","C3:casing"
"Character","char_17","ruth martin","ruth martin","Ruth Martin","20, 29","Yes","","","ALIAS","PASS","1","C3:casing"
"Character","char_17","ruth martin","ruth","Ruth","17, 18, 20, 28, 29, 30, 32, 43, 85, 97, 99","Yes","","","ALIAS","PASS","1","C3:casing"
"Character","char_17","ruth martin","miss martin","Mademoiselle Martin","17, 29, 43","Yes","","","ALIAS","PASS","1","C3:casing"
"Character","char_17","ruth martin","mrs. martin","Madame Martin","30","Yes","","","ALIAS","PASS","1","C3:casing"
"Character","char_18","adriana baker","adriana","Adriana","43, 57, 58, 72, 85, 97","Yes","","","ALIAS","PASS","1","C3:casing"
"Character","char_18","adriana baker","miss baker","Mademoiselle Boulanger","43","Yes","","","ALIAS","PASS","1","C3:casing"
"Character","char_18","adriana baker","adriana baker","Adriana Boulanger","32","Yes","","","ALIAS","PASS","1","C3:casing"
"Character","char_19","andrew","andrew","André","17","Yes","","","ALIAS","PASS","1","C3:casing"
"Character","char_19","andrew","mr. andrew","Monsieur André","17","Yes","","","ALIAS","PASS","1","C3:casing"
"Character","char_20","julia","julia","Julie","14","Yes","","","ALIAS","PASS","1","C3:casing"
"Character","char_21","peter","peter","Pierre","14","Yes","","","ALIAS","PASS","1","C3:casing"
"Character","char_23","lena jones","lena","Léna","8, 17, 18, 19, 28, 32, 33, 35, 36, 42, 43, 44, 45, 46, 48, 49, 50, 54, 55, 56, 59, 60, 65, 69, 70, 71, 72, 74, 75, 76, 77, 78, 79, 80, 81, 82, 83, 86, 87, 88, 100","Yes","","","ALIAS","PASS","1","C3:casing"
"Character","char_23","lena jones","miss jones","Mademoiselle Dubois","16","Yes","","","ALIAS","PASS","1","C3:casing"
"Character","char_23","lena jones","lena jones","Léna Dubois","17, 18","Yes","","","ALIAS","PASS","1","C3:casing"
"Character","char_23","lena jones","lenas","de Léna","50","Yes","","","ALIAS","PASS","1","C3:casing"
"Character","char_25","daniel kelly","daniel kelly","Daniel Garnier","62, 65, 71, 94","Yes","","","ALIAS","PASS","1","C3:casing"
"Character","char_25","daniel kelly","daniel","Daniel","28, 29, 30, 35, 36, 38, 42, 45, 46, 47, 49, 55, 60, 61, 64, 65, 66, 68, 73, 74, 76, 78, 80, 94, 96, 97, 99","Yes","","","ALIAS","PASS","1","C3:casing"
"Character","char_25","daniel kelly","mr. kelly","Monsieur Garnier","65","Yes","","","ALIAS","PASS","1","C3:casing"
"Character","char_25","daniel kelly","david kelly","Daniel Garnier","32","Yes","","","ALIAS","PASS","1","C3:casing"
"Character","char_25","daniel kelly","kelly","Garnier","36","Yes","","","ALIAS","PASS","1","C3:casing"
"Character","char_25","daniel kelly","daniels","de Daniel","47","Yes","","","ALIAS","PASS","1","C3:casing"
"Character","char_27","toffee","toffee","Toffee","21","Yes","","","ALIAS","PASS","1","C3:casing"
"Character","char_3","jakob miller","jacob miller","Jacob Meunier","28, 50, 51, 68, 99","Yes","","","ALIAS","PASS","1","C3:casing"
"Character","char_3","jakob miller","jakob","Jacob","1, 2, 3","Yes","","","ALIAS","PASS","1","C3:casing"
"Character","char_3","jakob miller","jacob","Jacob","18, 19, 20, 23, 26, 27, 28, 32, 34, 36, 37, 40, 41, 42, 43, 44, 47, 50, 51, 52, 53, 54, 55, 56, 57, 58, 59, 60, 61, 62, 63, 64, 68, 69, 72, 73, 74, 75, 76, 78, 80, 81, 84, 85, 87, 88, 90, 91, 100","Yes","","","ALIAS","PASS","1","C3:casing"
"Character","char_3","jakob miller","jakob miller","Jacob Meunier","","Yes","","","ALIAS","PASS","1","C3:casing"
"Character","char_3","jakob miller","miller","Meunier","9","Yes","","","ALIAS","PASS","1","C3:casing"
"Character","char_3","jakob miller","mister miller junior","Monsieur Meunier junior","11","Yes","","","ALIAS","PASS","1","C3:casing"
"Character","char_3","jakob miller","jacobs","DE JACOB","62, 63","Yes","","","ALIAS","PASS","1","C3:casing"
"Character","char_3","jakob miller","jacob smith","Jacob Meunier","93","Yes","","","ALIAS","PASS","1","C3:casing"
"Character","char_3","jakob miller","mr. miller","Monsieur Meunier","93","Yes","","","ALIAS","PASS","1","C3:casing"
"Character","char_31","nick sterling","nick sterling","Nicolas Leclair","27","Yes","","","ALIAS","PASS","1","C3:casing"
"Character","char_31","nick sterling","nick","Nicolas","27","Yes","","","ALIAS","PASS","1","C3:casing"
"Character","char_31","nick sterling","sterling","Leclair","27","Yes","","","ALIAS","PASS","1","C3:casing"
"Character","char_32","jason adler","jason adler","Jason Renaud","31","Yes","","","ALIAS","PASS","1","C3:casing"
"Character","char_32","jason adler","jason","Jason","27, 31","Yes","","","ALIAS","PASS","1","C3:casing"
"Character","char_33","mark henderson","mark henderson","Marc Henderson","25","Yes","","","ALIAS","PASS","1","C3:casing"
"Character","char_33","mark henderson","mark","Marc","25","Yes","","","ALIAS","PASS","1","C3:casing"
"Character","char_34","tom","tom","Thomas","27, 28, 52, 74, 75, 79","Yes","","","ALIAS","PASS","1","C3:casing"
"Character","char_34","tom","james","Thomas","75","Yes","","","ALIAS","PASS","1","C3:casing"
"Character","char_35","james","james","Jacques","26","Yes","","","ALIAS","PASS","1","C3:casing"
"Character","char_37","kato-san","kato-san","Kato-san","22","Yes","","","ALIAS","PASS","1","C3:casing"
"Character","char_4","sophia kaiser","sophia","Sophie","7, 10, 11, 14, 15, 16, 17, 18, 19, 20, 27, 28, 31, 32, 34, 35, 37, 40, 41, 42, 43, 44, 50, 52, 54, 55, 56, 57, 58, 59, 62, 63, 68, 69, 72, 73, 74, 75, 76, 85, 86, 87, 90, 91, 92, 95, 99, 101","Yes","","","ALIAS","PASS","1","C3:casing"
"Character","char_4","sophia kaiser","sophia kaiser","Sophie Lempereur","15, 16, 17, 31, 50, 95","Yes","","","ALIAS","HIGH","2","C2:german_in_french_field; C3:casing"
"Character","char_4","sophia kaiser","miss sophia","Mademoiselle Sophie","11, 101","Yes","","","ALIAS","PASS","1","C3:casing"
"Character","char_4","sophia kaiser","miss kaiser","Mademoiselle Lempereur","27","Yes","","","ALIAS","HIGH","2","C2:german_in_french_field; C3:casing"
"Character","char_4","sophia kaiser","sophias","de Sophie","37, 62","Yes","","","ALIAS","PASS","1","C3:casing"
"Character","char_4","sophia kaiser","ms. kaiser","Mademoiselle Lempereur","86","Yes","","","ALIAS","HIGH","2","C2:german_in_french_field; C3:casing"
"Character","char_40","zayn larson","zayn larson","Zayn Larson","35, 37","Yes","","","ALIAS","PASS","1","C3:casing"
"Character","char_40","zayn larson","zayn","Zayn","67, 71, 77","Yes","","","ALIAS","PASS","1","C3:casing"
"Character","char_40","zayn larson","zayn larrson","Zayn Larson","48, 50","Yes","","","ALIAS","PASS","1","C3:casing"
"Character","char_41","sebastian langston","sebastian langston","Sébastien de Langlois","40, 41, 45, 50, 51, 52, 54, 58, 59, 64, 65, 66, 68, 69, 88, 90, 95","Yes","","","ALIAS","PASS","1","C3:casing"
"Character","char_41","sebastian langston","sebastian","Sébastien","41, 50, 51, 52, 53, 54, 55, 57, 58, 59, 60, 63, 64, 65, 66, 67, 68, 69, 77, 78, 80, 81, 85, 87, 88, 90, 100","Yes","","","ALIAS","PASS","1","C3:casing"
"Character","char_41","sebastian langston","mr. langston","Monsieur de Langlois","40, 50, 52, 53, 59","Yes","","","ALIAS","PASS","1","C3:casing"
"Character","char_41","sebastian langston","sebastiabn langstons","de Sébastien de Langlois","42","Yes","","","ALIAS","PASS","1","C3:casing"
"Character","char_41","sebastian langston","sebastians","de Sébastien","50","Yes","","","ALIAS","PASS","1","C3:casing"
"Character","char_41","sebastian langston","langston","de Langlois","65","Yes","","","ALIAS","PASS","1","C3:casing"
"Character","char_43","mr. kelly","mr. kelly","Monsieur Garnier","30","Yes","","","ALIAS","PASS","1","C3:casing"
"Character","char_44","die alte frau","die alte frau","la vieille femme","","Yes","","","ALIAS","HIGH","2","C2:german_in_french_field; C3:casing"
"Character","char_46","patrick sawyer","mister sawyer","Monsieur Caron","26, 32","Yes","","","ALIAS","PASS","1","C3:casing"
"Character","char_46","patrick sawyer","patrick sawyer","Patrick Caron","32","Yes","","","ALIAS","PASS","1","C3:casing"
"Character","char_46","patrick sawyer","sawyer","Caron","27, 29, 31, 41","Yes","","","ALIAS","PASS","1","C3:casing"
"Character","char_46","patrick sawyer","präsident sawyer","Président Caron","27, 28","Yes","","","ALIAS","PASS","1","C3:casing"
"Character","char_47","liam hunter","liam","Liam","54, 62, 72, 74, 91, 100","Yes","","","ALIAS","PASS","1","C3:casing"
"Character","char_47","liam hunter","liam hunter","Liam Hunter","39, 40","Yes","","","ALIAS","PASS","1","C3:casing"
"Character","char_47","liam hunter","liams hunters","de Liam Hunter","42","Yes","","","ALIAS","PASS","1","C3:casing"
"Character","char_49","mr. miller","mr. miller","Monsieur Meunier","38","Yes","","","ALIAS","PASS","1","C3:casing"
"Character","char_5","viktor kaiser","viktor kaiser","Victor Lempereur","11, 15, 79, 85, 86","Yes","","","ALIAS","HIGH","2","C2:german_in_french_field; C3:casing"
"Character","char_5","viktor kaiser","viktor","Victor","11, 32, 33, 34, 58, 79, 85, 86, 87, 89, 90, 91, 92, 99","Yes","","","ALIAS","PASS","1","C3:casing"
"Character","char_5","viktor kaiser","onkel victor","Oncle Victor","28","Yes","","","ALIAS","PASS","1","C3:casing"
"Character","char_5","viktor kaiser","mr. kaiser","Monsieur Lempereur","75","Yes","","","ALIAS","HIGH","2","C2:german_in_french_field; C3:casing"
"Character","char_5","viktor kaiser","papa","Papa","33, 34","Yes","","","ALIAS","PASS","1","C3:casing"
"Character","char_5","viktor kaiser","viktor kiefer","Victor Lempereur","32","Yes","","","ALIAS","PASS","1","C3:casing"
"Character","char_5","viktor kaiser","victor kaiser","Victor Lempereur","","Yes","","","ALIAS","HIGH","2","C2:german_in_french_field; C3:casing"
"Character","char_5","viktor kaiser","victor","Victor","37","Yes","","","ALIAS","PASS","1","C3:casing"
"Character","char_5","viktor kaiser","vater","père","58","Yes","","","ALIAS","HIGH","2","C2:german_in_french_field; C3:casing"
"Character","char_5","viktor kaiser","präsident kaiser","PDG Lempereur","101","Yes","","","ALIAS","HIGH","2","C2:german_in_french_field; C3:casing"
"Character","char_5","viktor kaiser","onkel viktor","oncle Victor","74, 75","Yes","","","ALIAS","PASS","1","C3:casing"
"Character","char_54","angela kelly","angela","Angèle","47, 48","Yes","","","ALIAS","PASS","1","C3:casing"
"Character","char_54","angela kelly","angela kelly","Angèle Garnier","47, 48","Yes","","","ALIAS","PASS","1","C3:casing"
"Character","char_54","angela kelly","angie","Angie","47","Yes","","","ALIAS","PASS","1","C3:casing"
"Character","char_54","angela kelly","miss kelly","Mademoiselle Garnier","47","Yes","","","ALIAS","PASS","1","C3:casing"
"Character","char_54","angela kelly","angelas","d'Angèle","47","Yes","","","ALIAS","PASS","1","C3:casing"
"Character","char_55","brandon kelly","brandon kelly","Brandon Garnier","47, 48","Yes","","","ALIAS","PASS","1","C3:casing"
"Character","char_55","brandon kelly","brandon","Brandon","47","Yes","","","ALIAS","PASS","1","C3:casing"
"Character","char_55","brandon kelly","mr. kelly","Monsieur Garnier","48","Yes","","","ALIAS","PASS","1","C3:casing"
"Character","char_55","brandon kelly","kellys","des Garnier","47","Yes","","","ALIAS","PASS","1","C3:casing"
"Character","char_55","brandon kelly","daniels großvater","le grand-père de Daniel","","Yes","","","ALIAS","HIGH","2","C2:german_in_french_field; C3:casing"
"Character","char_56","die chefin des styling-salons","die chefin des styling-salons","la patronne du salon de beauté","","Yes","","","ALIAS","HIGH","2","C2:german_in_french_field; C3:casing"
"Character","char_58","paxton williams","paxton williams","Pascal Moreau","48","Yes","","","ALIAS","PASS","1","C3:casing"
"Character","char_59","ethans vater","ethans vater","le père d'Ethan","","Yes","","","ALIAS","HIGH","2","C2:german_in_french_field; C3:casing"
"Character","char_6","luise kaiser","luise kaiser","Louise Lempereur","51","Yes","","","ALIAS","HIGH","2","C2:german_in_french_field; C3:casing"
"Character","char_6","luise kaiser","luise","Louise","32, 34, 37, 56, 57, 62, 69, 85, 86, 90, 92","Yes","","","ALIAS","PASS","1","C3:casing"
"Character","char_6","luise kaiser","frau kaiser","Madame Lempereur","1","Yes","","","ALIAS","HIGH","2","C2:german_in_french_field; C3:casing"
"Character","char_6","luise kaiser","tante luise","Tante Louise","28","Yes","","","ALIAS","PASS","1","C3:casing"
"Character","char_6","luise kaiser","mama","Maman","20","Yes","","","ALIAS","PASS","1","C3:casing"
"Character","char_6","luise kaiser","mrs. kaiser","Madame Lempereur","34, 57","Yes","","","ALIAS","HIGH","2","C2:german_in_french_field; C3:casing"
"Character","char_6","luise kaiser","luisa","Louise","37","Yes","","","ALIAS","PASS","1","C3:casing"
"Character","char_60","richard storm","richard storm","Richard Orage","51","Yes","","","ALIAS","PASS","1","C3:casing"
"Character","char_60","richard storm","reed","Richard","51","Yes","","","ALIAS","PASS","1","C3:casing"
"Character","char_63","henry jackson","henry jackson","Henri Jacques","56","Yes","","","ALIAS","PASS","1","C3:casing"
"Character","char_63","henry jackson","henry","Henri","43, 48, 71, 72, 82","Yes","","","ALIAS","PASS","1","C3:casing"
"Character","char_66","linda shelby","linda shelby","Linda Shelby","71","Yes","","","ALIAS","PASS","1","C3:casing"
"Character","char_66","linda shelby","linda","Linda","56, 72","Yes","","","ALIAS","PASS","1","C3:casing"
"Character","char_66","linda shelby","linny","Linny","56","Yes","","","ALIAS","PASS","1","C3:casing"
"Character","char_67","mr. chandler","mr. chandler","Monsieur Chandler","56","Yes","","","ALIAS","PASS","1","C3:casing"
"Character","char_68","lilly","lilly","Lilly","62","Yes","","","ALIAS","PASS","1","C3:casing"
"Character","char_68","lilly","pflegerin lilly","Lilly l'aide-soignante","62","Yes","","","ALIAS","PASS","1","C3:casing"
"Character","char_69","wendy","wendy","Wendy","57","Yes","","","ALIAS","PASS","1","C3:casing"
"Character","char_70","sheryl","sheryl","Chantal","57","Yes","","","ALIAS","PASS","1","C3:casing"
"Character","char_70","sheryl","tante sheryl","tante Chantal","95","Yes","","","ALIAS","PASS","1","C3:casing"
"Character","char_71","patrick","patrick","Patrick","59","Yes","","","ALIAS","PASS","1","C3:casing"
"Character","char_72","elisa kaiser","elisa","Élise","57","Yes","","","ALIAS","PASS","1","C3:casing"
"Character","char_72","elisa kaiser","oma elisa","Mamie Élise","57","Yes","","","ALIAS","PASS","1","C3:casing"
"Character","char_72","elisa kaiser","alte mrs. kaiser","la vieille Madame Lempereur","58","Yes","","","ALIAS","HIGH","2","C2:german_in_french_field; C3:casing"
"Character","char_72","elisa kaiser","elisa kaiser","Élise Lempereur","","Yes","","","ALIAS","HIGH","2","C2:german_in_french_field; C3:casing"
"Character","char_72","elisa kaiser","oma","Mamie","42, 45, 54, 56, 91","Yes","","","ALIAS","PASS","1","C3:casing"
"Character","char_72","elisa kaiser","emilys oma","la mamie d'Émilie","","Yes","","","ALIAS","PASS","1","C3:casing"
"Character","char_72","elisa kaiser","großmutter","grand-mère","55, 56","Yes","","","ALIAS","HIGH","2","C2:german_in_french_field; C3:casing"
"Character","char_72","elisa kaiser","großmutter kaiser","grand-mère Lempereur","","Yes","","","ALIAS","HIGH","2","C2:german_in_french_field; C3:casing"
"Character","char_72","elisa kaiser","ihre großmutter","sa grand-mère","90, 91","Yes","","","ALIAS","HIGH","2","C2:german_in_french_field; C3:casing"
"Character","char_72","elisa kaiser","emilys großmutter","la grand-mère d'Émilie","","Yes","","","ALIAS","HIGH","2","C2:german_in_french_field; C3:casing"
"Character","char_74","georg langston senior","georg langston senior","Georges de Langlois Père","63","Yes","","","ALIAS","PASS","1","C3:casing"
"Character","char_74","georg langston senior","mr. langston senior","Monsieur de Langlois Père","63","Yes","","","ALIAS","PASS","1","C3:casing"
"Character","char_75","mr. brown","mr brown","Monsieur Lebrun","62, 63","Yes","","","ALIAS","PASS","1","C3:casing"
"Character","char_75","mr. brown","mr. brown","Monsieur Lebrun","63","Yes","","","ALIAS","PASS","1","C3:casing"
"Character","char_76","mr. jackson","mr. jackson","Monsieur Jacques","64","Yes","","","ALIAS","PASS","1","C3:casing"
"Character","char_77","sonya langston miller","sonya","Sonia","50, 57, 58, 62, 63, 64, 72","Yes","","","ALIAS","PASS","1","C3:casing"
"Character","char_77","sonya langston miller","sonya langston miller","Sonia de Langlois-Meunier","","Yes","","","ALIAS","PASS","1","C3:casing"
"Character","char_77","sonya langston miller","sonya langston","Sonia de Langlois","50","Yes","","","ALIAS","PASS","1","C3:casing"
"Character","char_77","sonya langston miller","sonya miller","Sonia Meunier","","Yes","","","ALIAS","PASS","1","C3:casing"
"Character","char_78","paul miller","paul","Paul","69","Yes","","","ALIAS","PASS","1","C3:casing"
"Character","char_78","paul miller","paul miller","Paul Meunier","69","Yes","","","ALIAS","PASS","1","C3:casing"
"Character","char_79","zachary miller","zachary miller","Zacharie Meunier","69","Yes","","","ALIAS","PASS","1","C3:casing"
"Character","char_79","zachary miller","vorsitzender miller","Président Meunier","69","Yes","","","ALIAS","PASS","1","C3:casing"
"Character","char_8","felix knight","felix knight","Félix Chevalier","8, 16, 30, 74","Yes","","","ALIAS","PASS","1","C3:casing"
"Character","char_8","felix knight","felix","Félix","9, 16, 29, 31, 33, 35, 36, 38, 45, 49, 74, 79, 80, 81, 85, 88, 92, 94, 95, 96, 97, 98, 99","Yes","","","ALIAS","PASS","1","C3:casing"
"Character","char_80","christina","christina","Christina","72","Yes","","","ALIAS","PASS","1","C3:casing"
"Character","char_81","noah","noah","Noé","75","Yes","","","ALIAS","PASS","1","C3:casing"
"Character","char_81","noah","onkel noah","oncle Noé","75","Yes","","","ALIAS","PASS","1","C3:casing"
"Character","char_88","chester jewell","chester jewell","Chester Jewell","94","Yes","","","ALIAS","PASS","1","C3:casing"
"Character","char_88","chester jewell","chester","Chester","94","Yes","","","ALIAS","PASS","1","C3:casing"
"Character","char_89","oliver grant","oliver grant","Olivier Durand","85, 86, 87, 91, 99","Yes","","","ALIAS","PASS","1","C3:casing"
"Character","char_89","oliver grant","oliver","Olivier","85, 86","Yes","","","ALIAS","PASS","1","C3:casing"
"Character","char_89","oliver grant","grant","Durand","86, 87","Yes","","","ALIAS","PASS","1","C3:casing"
"Character","char_89","oliver grant","mr. grant","Maître Durand","86, 87","Yes","","","ALIAS","PASS","1","C3:casing"
"Character","char_9","ethans mutter","ethans mutter","la mère d'Ethan","","Yes","","","ALIAS","HIGH","2","C2:german_in_french_field; C3:casing"
"Character","char_90","rodney snow","rodney snow","Rodney Snow","94","Yes","","","ALIAS","PASS","1","C3:casing"
"Character","char_90","rodney snow","rodney","Rodney","94","Yes","","","ALIAS","PASS","1","C3:casing"
"Character","char_91","berta","berta","Berthe","89","Yes","","","ALIAS","PASS","1","C3:casing"
"Character","char_91","berta","bertha","Berthe","92","Yes","","","ALIAS","PASS","1","C3:casing"
"Character","char_92","miles clark","miles clark","Miles Leclerc","87","Yes","","","ALIAS","PASS","1","C3:casing"
"Character","char_92","miles clark","mr. clark","Monsieur Leclerc","87","Yes","","","ALIAS","PASS","1","C3:casing"
"Character","char_92","miles clark","miles","Miles","87","Yes","","","ALIAS","PASS","1","C3:casing"
"Character","char_93","christian stewart","harry stewart","Christian Fabre","85","Yes","","","ALIAS","PASS","1","C3:casing"
"Character","char_93","christian stewart","christian stewart","Christian Fabre","86","Yes","","","ALIAS","PASS","1","C3:casing"
"Character","char_93","christian stewart","stewart","Fabre","86, 87","Yes","","","ALIAS","PASS","1","C3:casing"
"Character","char_93","christian stewart","mr. stewart","Maître Fabre","86","Yes","","","ALIAS","PASS","1","C3:casing"
"Character","char_94","terry foster","terry foster","Terry Foster","86","Yes","","","ALIAS","PASS","1","C3:casing"
"Character","char_94","terry foster","mr. foster","Monsieur Foster","86","Yes","","","ALIAS","PASS","1","C3:casing"
"Character","char_94","terry foster","terry","Terry","86","Yes","","","ALIAS","PASS","1","C3:casing"
"Character","char_95","ethans großmutter","ethans großmutter","la grand-mère d'Ethan","","Yes","","","ALIAS","HIGH","2","C2:german_in_french_field; C3:casing"
"Character","char_97","tom lennon","tom","Thomas","87, 89, 90, 91","Yes","","","ALIAS","PASS","1","C3:casing"
"Character","char_97","tom lennon","tom lennon","Thomas Lemoine","87, 91","Yes","","","ALIAS","PASS","1","C3:casing"
"Character","char_97","tom lennon","toms’","de Thomas","87","Yes","","","ALIAS","PASS","1","C3:casing"
"Character","char_98","der richter","der richter","le juge","87","Yes","","","ALIAS","HIGH","2","C2:german_in_french_field; C3:casing"
"Character","char_98","der richter","euer ehren","Votre Honneur","87","Yes","","","ALIAS","PASS","1","C3:casing"
"Character","char_98","der richter","der vorsitzende richter","le président du tribunal","87","Yes","","","ALIAS","HIGH","2","C2:german_in_french_field; C3:casing"
"Character","char_99","emilys großvater","ihr großvater","son grand-père","90","Yes","","","ALIAS","HIGH","2","C2:german_in_french_field; C3:casing"
"Character","char_99","emilys großvater","emilys großvater","le grand-père d'Émilie","","Yes","","","ALIAS","HIGH","2","C2:german_in_french_field; C3:casing"
"Entity","entity_1","kaiser-villa","villa ihrer eltern","la villa de ses parents","2, 4","Yes","","","ALIAS","PASS","1","C3:casing"
"Entity","entity_1","kaiser-villa","villa der kaisers","la villa des Lempereur","2","Yes","","","ALIAS","HIGH","2","C2:german_in_french_field; C3:casing"
"Entity","entity_1","kaiser-villa","elternhaus","la maison familiale","3","Yes","","","ALIAS","PASS","1","C3:casing"
"Entity","entity_1","kaiser-villa","haus","la villa","2","Yes","","","ALIAS","PASS","1","C3:casing"
"Entity","entity_1","kaiser-villa","kaiser villa","Villa Lempereur","3","Yes","","","ALIAS","HIGH","2","C2:german_in_french_field; C3:casing"
"Entity","entity_1","kaiser-villa","kaiser-villa","Villa Lempereur","5, 6","Yes","","","ALIAS","HIGH","2","C2:german_in_french_field; C3:casing"
"Entity","entity_2","paris","paris","Paris","2, 3","Yes","","","ALIAS","PASS","1","C3:casing"
"Entity","entity_3","kalifornische high society","kalifornische high society","la haute société parisienne","2","Yes","","","ALIAS","PASS","1","C3:casing"
"Entity","entity_4","kaiser corporation","kaiser konzern","Le Groupe Lempereur","3","Yes","","","ALIAS","HIGH","2","C2:german_in_french_field; C3:casing"
"Entity","entity_4","kaiser corporation","kaiser corporation","Le Groupe Lempereur","4","Yes","","","ALIAS","HIGH","2","C2:german_in_french_field; C3:casing"
"Entity","entity_4","kaiser corporation","firmenanteile","parts de l'entreprise","4","Yes","","","ALIAS","PASS","1","C3:casing"
"Entity","entity_5","europa","europa","Europe","3","Yes","","","ALIAS","PASS","1","C3:casing"
"Entity","entity_6","kalifornien","kalifornien","Île-de-France","3, 5","Yes","","","ALIAS","PASS","1","C3:casing"
"Entity","entity_7","miller konzern","familienunternehmen","l'entreprise familiale","3","Yes","","","ALIAS","PASS","1","C3:casing"
"Entity","entity_7","miller konzern","die firma","l'entreprise","4","Yes","","","ALIAS","HIGH","2","C2:german_in_french_field; C3:casing"
"Entity","entity_7","miller konzern","miller-familienunternehmen","l'entreprise familiale Meunier","","Yes","","","ALIAS","PASS","1","C3:casing"
"Entity","entity_7","miller konzern","miller konzern","Le Groupe Meunier","","Yes","","","ALIAS","HIGH","2","C2:german_in_french_field; C3:casing"
"Entity","entity_8","kaiser-familie","diese familie","cette famille","2, 5","Yes","","","ALIAS","PASS","1","C3:casing"
"Entity","entity_8","kaiser-familie","kaiser-familie","la famille Lempereur","4, 5, 6","Yes","","","ALIAS","HIGH","2","C2:german_in_french_field; C3:casing"
"Entity","entity_8","kaiser-familie","die kaisers","les Lempereur","3, 4, 5","Yes","","","ALIAS","HIGH","2","C2:german_in_french_field; C3:casing"
"Entity","entity_9","miller-familie","familie miller","la famille Meunier","3","Yes","","","ALIAS","PASS","1","C3:casing"
"Entity","entity_9","miller-familie","die millers","les Meunier","3","Yes","","","ALIAS","HIGH","2","C2:german_in_french_field; C3:casing"
"Entity","entity_9","miller-familie","miller-familie","la famille Meunier","","Yes","","","ALIAS","PASS","1","C3:casing"
"Entity","entity_10","storm-familie","die storms","les Orage","3, 4","Yes","","","ALIAS","HIGH","2","C2:german_in_french_field; C3:casing"
"Entity","entity_10","storm-familie","storm-familie","la famille Orage","4","Yes","","","ALIAS","PASS","1","C3:casing"
"Entity","entity_10","storm-familie","storm-familiennamen","le nom de famille Orage","5","Yes","","","ALIAS","PASS","1","C3:casing"
"Entity","entity_10","storm-familie","kerl aus der storm-familie","le type de la famille Orage","5","Yes","","","ALIAS","HIGH","2","C2:german_in_french_field; C3:casing"
"Entity","entity_11","standesamt","standesamt","la mairie","4, 5, 6","Yes","","","ALIAS","PASS","1","C3:casing"
"Entity","entity_12","kaiser-familienvermögen","kaiser-familienvermögen","la fortune de la famille Lempereur","","Yes","","","ALIAS","HIGH","2","C2:german_in_french_field; C3:casing"
"Entity","entity_13","bentley mulsanne","bentley mulsanne","Bentley Mulsanne","5","Yes","","","ALIAS","PASS","1","C3:casing"
"Entity","entity_14","fuhrpark der williams-familie","fuhrpark der williams-familie","la flotte de véhicules de la famille Moreau","5","Yes","","","ALIAS","HIGH","2","C2:german_in_french_field; C3:casing"
"Entity","entity_15","malediven","malediven","Les Maldives","5","Yes","","","ALIAS","PASS","1","C3:casing"
"Entity","entity_16","opal harbor","opal harbor","Neuilly-sur-Seine","5","Yes","","","ALIAS","PASS","1","C3:casing"
"Entity","entity_17","ethans villa in opal harbor","ethans villa","la villa d'Ethan","","Yes","","","ALIAS","PASS","1","C3:casing"
"Entity","entity_17","ethans villa in opal harbor","ethans villa in opal harbor","La villa d'Ethan à Neuilly-sur-Seine","","Yes","","","ALIAS","PASS","1","C3:casing"
"Entity","entity_18","lenas apartment","lenas kleinem apartment","le petit appartement de Léna","4","Yes","","","ALIAS","PASS","1","C3:casing"
"Entity","entity_18","lenas apartment","meine wohnung","mon appartement","4","Yes","","","ALIAS","PASS","1","C3:casing"
"Entity","entity_18","lenas apartment","lenas apartment","l'appartement de Léna","","Yes","","","ALIAS","PASS","1","C3:casing"
"Entity","entity_19","geburtsurkunde","geburtsurkunde","l'acte de naissance","4, 6","Yes","","","ALIAS","PASS","1","C3:casing"
"Entity","entity_19","geburtsurkunde","das vergilbte papier","le papier jauni","6","Yes","","","ALIAS","HIGH","2","C2:german_in_french_field; C3:casing"
"Entity","entity_19","geburtsurkunde","emilys geburtsurkunde","l'acte de naissance d'Émilie","","Yes","","","ALIAS","PASS","1","C3:casing"
"Entity","entity_20","omnicorp","omini corporation","OmniCorp","8","Yes","","","ALIAS","PASS","1","C3:casing"
"Entity","entity_20","omnicorp","omnicorp","OmniCorp","","Yes","","","ALIAS","PASS","1","C3:casing"
"Entity","entity_21","williams-familie","williams-familie","la famille Moreau","7","Yes","","","ALIAS","PASS","1","C3:casing"
"Entity","entity_22","ostküste","ostküste","la Côte d'Azur","8","Yes","","","ALIAS","PASS","1","C3:casing"
"Entity","entity_23","büro des ceo (omini corporation)","büro des ceo","le bureau du PDG","8","Yes","","","ALIAS","HIGH","2","C2:german_in_french_field; C3:casing"
"Entity","entity_23","büro des ceo (omini corporation)","büro des ceo (omini corporation)","le bureau du PDG (OmniCorp)","","Yes","","","ALIAS","HIGH","2","C2:german_in_french_field; C3:casing"
"Entity","entity_24","thomas-projekt","thomas-projekt","le projet Thomas","10, 11","Yes","","","ALIAS","PASS","1","C3:casing"
"Entity","entity_25","martins neue saisonkollektion","martins neuer saisonkollektion","la nouvelle collection de saison de Martin","11","Yes","","","ALIAS","PASS","1","C3:casing"
"Entity","entity_25","martins neue saisonkollektion","martins neue saisonkollektion","la nouvelle collection de saison de Martin","","Yes","","","ALIAS","PASS","1","C3:casing"
"Entity","entity_26","ehe- und zusammenlebensvereinbarung","vertragsehe","mariage arrangé","7","Yes","","","ALIAS","PASS","1","C3:casing"
"Entity","entity_26","ehe- und zusammenlebensvereinbarung","ehe- und zusammenlebensvereinbarung","Le contrat de mariage","","Yes","","","ALIAS","HIGH","2","C2:german_in_french_field; C3:casing"
"Entity","entity_27","heiratsurkunde","heiratsurkunde","l'acte de mariage","7, 8","Yes","","","ALIAS","PASS","1","C3:casing"
"Entity","entity_28","dossier über emily kaiser","dossier","le dossier","9","Yes","","","ALIAS","PASS","1","C3:casing"
"Entity","entity_28","dossier über emily kaiser","mappe","le dossier","8, 9","Yes","","","ALIAS","PASS","1","C3:casing"
